client_id,loan_type,loan_amount,repaid,loan_id,loan_start,loan_end,rate
41813,credit,14985,0,10881,2014-02-23,2015-07-27,2.52
41813,cash,10259,1,11752,2010-06-20,2012-06-16,2.97
41813,cash,14620,0,11191,2016-03-12,2017-11-18,3.68
41813,other,10807,0,10279,2013-11-18,2015-04-08,0.64
41813,other,13314,1,10769,2011-01-05,2013-08-02,6.44
41813,credit,6133,1,11326,2018-07-05,2020-01-14,1.29
41813,credit,4775,1,10992,2012-09-24,2014-02-27,5.84
41813,other,10796,1,10907,2010-04-26,2012-04-07,0.49
41813,credit,4728,0,11373,2014-05-05,2016-01-17,2.17
41813,home,12450,1,11761,2016-03-17,2018-05-29,5.01
41813,other,10216,1,11090,2014-06-02,2016-02-13,2.55
41813,cash,2970,1,11359,2010-12-26,2013-03-24,2.17
41813,cash,7885,0,11502,2010-11-03,2012-10-06,0.71
41813,other,8453,1,11689,2014-04-01,2016-01-31,2.0
41813,other,14149,1,11401,2015-05-01,2017-06-04,4.49
41813,home,5775,0,11762,2014-08-09,2017-02-14,0.3
41813,cash,2297,1,11353,2016-10-07,2019-03-15,0.23
41813,cash,7139,1,10570,2016-07-15,2018-01-24,4.23
41813,credit,8102,0,11250,2020-10-20,2023-06-02,5.26
41813,credit,8388,0,11681,2010-11-06,2012-09-08,2.22
41813,credit,7912,0,11788,2010-04-28,2012-10-24,2.26
41813,other,4008,0,10579,2014-02-07,2016-11-02,0.18
41813,other,13157,1,10568,2016-07-01,2018-06-10,1.0
41813,credit,9296,1,11386,2013-06-27,2015-06-05,2.62
41813,cash,7659,0,11927,2011-08-25,2013-07-03,1.45
41813,credit,2251,1,10800,2016-12-15,2018-07-26,4.94
41813,other,12694,0,11504,2019-07-09,2021-12-06,5.74
41813,home,1410,1,10845,2016-08-27,2018-11-22,3.21
41813,home,11027,0,10793,2010-01-06,2012-04-25,1.08
41813,other,6380,1,11687,2018-01-27,2020-06-06,1.34
41813,home,10757,0,11397,2020-08-05,2023-01-14,0.2
41813,cash,10358,0,10834,2016-04-19,2017-11-18,6.93
41813,credit,1722,0,10820,2020-03-20,2021-11-26,0.84
41813,other,3931,1,10657,2016-03-04,2018-08-05,1.79
41813,home,5482,0,10371,2010-09-04,2013-01-20,0.83
41813,credit,8346,1,11440,2013-12-14,2015-11-14,0.31
41813,cash,6891,1,11200,2012-02-16,2014-07-26,6.0
41813,credit,1609,0,11119,2017-01-06,2019-07-22,1.06
41813,other,14865,0,11447,2018-12-07,2020-05-22,2.89
41813,home,546,0,10403,2012-08-07,2014-05-10,3.12
48481,credit,3291,1,11086,2020-10-23,2022-10-07,3.09
48481,credit,14676,1,11610,2014-10-13,2016-08-18,1.86
48481,home,6863,1,11468,2014-11-03,2017-01-16,3.54
48481,home,4268,1,10412,2012-07-03,2014-06-18,1.53
48481,other,10627,0,10110,2012-07-20,2014-06-22,4.37
48481,credit,9605,1,11147,2019-01-05,2020-10-28,1.77
48481,other,12025,0,11861,2019-09-26,2021-06-19,3.7
48481,cash,12620,1,11118,2019-08-09,2021-12-14,0.8
48481,home,13385,1,10227,2011-05-23,2013-10-25,1.96
48481,cash,4722,1,10995,2010-08-15,2012-01-09,4.18
48481,home,8309,1,11331,2014-02-11,2016-07-02,4.11
48481,other,8829,0,11334,2017-05-25,2019-06-20,1.5
48481,other,12490,0,10163,2011-03-24,2012-08-09,5.68
48481,other,3857,0,11577,2017-11-01,2020-07-21,4.57
48481,credit,1262,1,11330,2010-06-18,2012-05-26,4.79
48481,cash,553,1,10988,2010-02-20,2011-07-20,3.41
48481,credit,1426,0,10851,2020-09-05,2023-05-20,1.48
48481,cash,4321,0,11703,2010-05-10,2012-01-11,2.59
48481,home,7471,1,11706,2017-01-26,2019-01-13,7.96
48481,credit,837,1,10751,2011-05-02,2013-06-04,8.52
48481,other,866,1,10501,2013-09-22,2016-02-04,2.14
48481,other,10413,0,10111,2013-02-10,2014-07-20,0.24
48481,cash,4084,0,11860,2017-04-21,2019-03-15,1.52
48481,other,5349,1,11576,2014-08-10,2016-02-16,2.47
48481,cash,1347,0,10546,2011-03-15,2013-08-22,7.27
48481,cash,10486,0,11371,2012-05-19,2014-05-30,1.76
48481,cash,5743,1,10175,2011-10-02,2013-05-16,3.56
48481,home,3901,1,11781,2015-11-04,2017-10-20,1.72
48481,cash,11520,0,11608,2012-12-05,2014-07-26,0.86
48481,credit,9650,1,11916,2013-04-19,2015-06-18,2.01
48481,other,10055,0,10159,2015-12-01,2017-05-12,9.96
48481,credit,8076,1,11613,2019-05-20,2021-11-15,7.87
48481,other,14272,1,11835,2017-01-21,2018-06-20,4.2
48481,cash,7836,1,10561,2012-03-02,2013-07-30,6.6
48481,cash,8754,0,10496,2015-10-17,2018-06-25,0.15
48481,other,8354,0,10947,2012-02-09,2014-09-30,4.2
48481,cash,14001,0,10697,2019-05-17,2020-11-08,1.06
48481,credit,13045,0,11151,2010-02-06,2011-10-10,2.97
28309,cash,5816,1,10877,2017-03-07,2019-04-27,0.19
28309,other,10711,0,10062,2014-12-08,2016-10-02,2.04
28309,other,9572,1,10374,2015-04-03,2017-11-01,10.82
28309,home,10933,1,10205,2017-11-28,2019-06-16,5.6
28309,home,936,0,10622,2017-08-18,2019-01-11,1.36
28309,credit,9802,1,11980,2016-01-28,2018-03-01,0.6
28309,other,10754,0,10520,2019-06-03,2021-01-11,3.74
28309,cash,7562,0,10933,2020-02-08,2021-08-10,2.68
28309,home,12007,0,10057,2020-04-13,2022-04-09,4.14
28309,other,11531,1,11655,2010-01-07,2012-03-06,8.74
28309,cash,4381,1,11199,2011-02-16,2012-07-25,1.73
28309,cash,8301,0,11390,2020-03-05,2022-03-07,0.11
28309,other,10178,0,10977,2018-02-15,2020-09-24,1.25
28309,cash,6168,0,10313,2017-05-17,2018-10-03,3.63
28309,credit,13404,1,10623,2018-04-01,2019-12-07,5.2
28309,cash,1552,0,11964,2013-11-25,2015-08-21,5.35
28309,other,10834,1,10672,2015-08-15,2017-05-30,0.95
28309,other,6174,1,11854,2011-07-12,2013-10-29,0.1
28309,other,5982,0,10262,2011-07-17,2013-10-14,6.56
28309,other,4001,0,11439,2017-05-21,2019-11-02,7.35
28309,credit,12359,1,11156,2014-02-12,2015-06-29,2.86
28309,credit,7731,0,10447,2018-04-22,2020-08-29,1.22
28309,other,4978,0,10063,2015-12-15,2017-06-24,1.14
28309,other,6671,0,10173,2017-05-13,2018-12-07,0.16
28309,home,8962,0,10549,2020-07-28,2023-02-09,0.45
28309,credit,8352,1,11753,2018-06-20,2020-08-07,0.24
28309,other,13356,0,10614,2013-06-15,2015-03-22,6.03
28309,other,6302,1,10488,2019-08-20,2021-11-20,1.93
28309,credit,4920,1,10022,2017-07-14,2019-02-26,0.54
28309,other,1575,1,10609,2016-09-26,2019-03-13,6.53
28309,other,14165,0,11290,2020-01-14,2021-12-10,4.48
28309,credit,12589,0,11652,2014-11-02,2016-03-30,6.63
28309,other,13001,0,10930,2015-01-05,2017-08-19,4.32
28309,home,13687,1,10003,2017-02-13,2019-01-09,1.84
28309,credit,4717,1,10613,2015-09-05,2017-09-29,5.17
28309,other,7986,1,11036,2012-11-12,2014-05-05,0.37
28309,home,6115,0,11714,2020-05-08,2023-01-04,6.54
46279,cash,14572,0,10026,2012-02-09,2013-10-30,1.11
46279,other,5118,0,10552,2013-06-24,2015-02-06,2.43
46279,other,3692,0,10054,2017-01-20,2019-02-23,1.77
46279,home,7992,1,11755,2018-09-28,2020-11-05,0.87
46279,credit,6701,1,11308,2014-08-09,2016-04-04,1.01
46279,home,6191,0,10844,2012-01-17,2014-03-12,2.88
46279,credit,1047,1,11690,2016-11-17,2018-05-13,6.61
46279,other,8175,0,11174,2012-07-15,2014-10-10,3.97
46279,credit,8203,1,10670,2019-08-02,2022-03-31,2.02
46279,home,10383,1,10162,2019-02-21,2021-07-10,4.49
46279,cash,10608,1,10155,2019-03-11,2020-11-13,1.71
46279,other,5535,0,10829,2015-02-18,2016-12-22,1.39
46279,home,7002,1,10875,2020-10-13,2023-01-22,3.35
46279,credit,5386,0,10037,2013-11-07,2016-04-22,6.44
46279,home,8399,1,10382,2012-07-08,2015-01-16,2.3
46279,other,7511,0,10215,2011-02-18,2012-07-17,5.36
46279,credit,2491,0,11662,2015-11-07,2017-05-27,5.26
46279,home,8185,0,11437,2014-03-12,2016-07-21,3.33
46279,other,13872,1,11393,2011-08-18,2013-06-01,4.09
46279,other,5036,1,11939,2012-10-24,2014-09-27,2.67
46279,other,10706,1,10768,2010-02-08,2012-06-27,1.65
46279,cash,7231,0,10959,2019-07-18,2021-10-13,2.63
46279,credit,5238,1,10720,2020-10-02,2022-06-08,4.76
46279,cash,838,0,11503,2013-06-18,2015-12-07,2.09
46279,other,2821,1,11747,2013-12-02,2016-04-23,0.89
46279,cash,13356,1,10556,2013-10-03,2015-06-16,1.49
46279,home,6720,0,11612,2011-08-08,2013-12-04,8.74
46279,other,11875,1,11709,2013-03-06,2014-08-21,1.24
46279,other,1243,1,10607,2018-10-07,2020-08-09,3.84
46279,other,5789,1,10823,2015-02-25,2016-10-16,1.62
46279,credit,3613,0,10495,2020-06-24,2022-07-15,3.58
46279,other,3427,1,11945,2019-08-12,2021-06-01,2.48
46279,credit,10186,1,10591,2010-11-01,2012-05-28,4.15
46279,credit,6102,0,10201,2020-03-17,2021-08-11,7.27
46279,cash,5036,1,11319,2015-09-18,2017-08-18,1.18
46279,cash,5665,0,10090,2017-06-19,2018-12-28,3.07
26617,cash,14991,1,10251,2013-09-10,2015-07-25,2.23
26617,credit,13378,0,11264,2016-08-09,2018-05-28,1.96
26617,other,6378,1,11616,2020-12-17,2023-03-18,1.28
26617,cash,7821,0,10182,2013-07-18,2015-03-28,4.39
26617,home,5707,0,11205,2013-10-06,2015-09-29,1.9
26617,credit,12112,1,11218,2020-02-20,2022-05-22,3.6
26617,credit,11638,1,10270,2011-09-13,2013-07-23,0.07
26617,credit,3710,0,10580,2019-05-25,2021-05-03,8.1
26617,home,10817,1,11142,2017-03-13,2018-09-10,2.18
26617,home,7850,1,11523,2017-05-03,2019-04-07,2.79
26617,other,5979,0,10286,2017-11-22,2019-07-17,4.7
26617,home,8961,0,10963,2018-09-13,2021-03-03,0.43
26617,credit,11822,0,10010,2015-08-18,2018-04-23,4.83
26617,cash,7137,1,10268,2019-04-24,2021-03-22,2.39
26617,credit,3896,0,11919,2010-10-09,2012-03-06,3.11
26617,home,4459,0,11619,2015-01-14,2017-08-03,1.85
26617,cash,12186,1,10805,2019-10-17,2021-07-21,1.04
26617,home,4802,0,10950,2014-06-16,2016-07-20,2.25
26617,cash,10377,1,11937,2018-06-03,2020-02-06,3.95
26617,home,12788,1,10608,2013-07-27,2015-01-14,1.3
26617,other,1091,1,10537,2019-12-04,2021-08-24,5.34
26617,cash,9927,0,11904,2011-06-10,2013-02-17,4.56
26617,other,12275,0,11549,2016-12-28,2019-07-06,1.53
26617,other,14710,0,11038,2011-04-10,2013-10-30,5.29
26617,credit,10217,1,11876,2017-05-07,2019-02-14,5.73
26617,home,7952,0,11971,2010-03-09,2012-05-08,0.61
26617,credit,9742,1,11977,2011-04-17,2013-04-27,1.58
26617,home,12150,1,10292,2020-04-09,2022-10-08,1.88
26617,home,4966,1,10166,2018-11-20,2021-08-07,6.11
26617,home,14124,1,10427,2015-08-27,2017-11-14,1.93
26617,home,3845,0,11670,2013-09-19,2016-03-12,0.43
26617,home,4616,1,11069,2014-09-19,2017-02-27,1.28
26617,other,14731,0,10013,2011-12-10,2013-09-05,2.28
26617,other,11571,0,10990,2011-09-09,2013-03-29,0.3
26617,other,10235,1,11968,2017-01-21,2018-07-10,2.6
26617,cash,3484,1,10004,2011-10-15,2014-06-14,1.87
39999,home,9134,1,11627,2020-09-26,2022-08-16,0.24
39999,cash,10479,0,11516,2019-09-20,2022-06-05,7.58
39999,home,535,1,11868,2019-10-08,2021-06-10,5.91
39999,cash,4811,1,11117,2014-06-04,2016-03-11,5.42
39999,other,7423,0,11365,2013-04-28,2014-12-03,4.1
39999,other,10891,1,11389,2017-08-11,2019-12-28,1.91
39999,home,1250,0,11168,2015-09-07,2017-09-13,0.03
39999,home,8087,1,11181,2011-09-04,2013-03-17,5.86
39999,other,9593,0,11976,2010-09-16,2013-04-16,0.76
39999,home,11253,0,11481,2020-06-23,2023-01-06,6.1
39999,cash,8320,1,10815,2010-10-03,2012-10-08,1.81
39999,other,2087,1,10981,2011-08-27,2013-11-01,2.53
39999,other,13014,0,10470,2018-01-16,2019-06-25,4.4
39999,home,2853,1,10236,2012-08-20,2014-06-07,0.86
39999,other,1038,1,10528,2010-01-07,2012-03-10,0.26
39999,other,4252,0,11350,2019-09-16,2021-06-23,3.82
39999,other,10568,0,11959,2011-06-20,2013-07-11,1.59
39999,home,2005,1,10072,2010-09-11,2012-10-13,1.8
39999,credit,3727,0,11271,2013-09-16,2015-09-15,2.19
39999,cash,5212,1,11424,2017-04-08,2019-08-10,4.35
39999,home,4278,0,11167,2013-05-28,2014-11-09,4.42
39999,credit,13169,1,11563,2015-07-14,2017-01-26,5.52
39999,other,12698,0,10577,2015-08-18,2017-03-23,3.53
39999,other,2773,0,11222,2016-01-15,2018-10-05,3.09
39999,home,7935,0,10289,2014-04-14,2016-03-26,6.06
39999,cash,1292,0,10954,2012-01-02,2014-08-23,3.78
39999,other,2053,0,10802,2017-11-23,2019-07-18,0.6
39999,other,5711,0,11556,2018-06-23,2020-09-21,7.05
39999,home,8858,0,10309,2011-03-14,2013-12-07,1.7
39999,cash,2039,0,11173,2019-05-07,2020-11-18,0.36
39999,home,4237,0,11166,2019-10-10,2022-07-03,0.64
39999,other,10242,1,10871,2013-10-12,2015-06-03,3.62
39999,credit,8194,1,11108,2014-05-08,2016-01-17,7.1
39999,other,3750,0,11852,2018-10-27,2020-11-10,5.62
39999,credit,1654,1,10334,2016-04-15,2018-06-28,5.53
39999,credit,14092,1,10387,2011-11-08,2014-04-26,1.37
39999,credit,3647,0,10000,2019-08-18,2021-02-05,2.87
34590,cash,6960,0,11890,2017-03-28,2019-09-09,2.39
34590,other,12826,1,10794,2017-12-19,2020-04-20,3.87
34590,cash,6991,0,10853,2013-09-22,2015-03-23,5.65
34590,credit,3688,0,11738,2011-07-19,2014-03-03,1.75
34590,other,6900,1,11934,2013-07-02,2015-09-25,0.06
34590,other,5806,0,11015,2017-03-20,2018-09-03,0.81
34590,home,6843,1,11184,2019-11-05,2022-03-06,5.76
34590,cash,7199,1,10354,2018-11-24,2021-06-20,1.73
34590,home,4012,1,10143,2012-11-15,2014-09-15,2.34
34590,credit,3687,0,11230,2016-12-08,2018-04-25,0.68
34590,home,5220,0,10593,2016-01-14,2018-10-06,3.29
34590,other,14778,0,11651,2018-09-07,2021-03-25,1.62
34590,cash,7388,1,10264,2010-07-08,2012-05-31,4.97
34590,other,1365,1,10999,2013-11-11,2016-03-02,3.99
34590,home,11375,1,11634,2017-08-11,2019-05-20,1.53
34590,cash,3818,0,10595,2010-04-24,2011-10-23,3.82
34590,other,13848,0,10038,2012-12-05,2015-03-22,6.15
34590,credit,11476,1,10749,2010-12-25,2012-11-14,0.89
34590,other,13584,0,10737,2010-07-12,2013-03-19,5.09
34590,cash,6159,0,11537,2017-02-15,2018-11-05,6.8
34590,other,4556,0,11913,2019-11-02,2022-01-26,0.59
34590,cash,3485,1,11324,2013-08-28,2015-02-07,3.37
34590,cash,10185,0,11935,2015-10-01,2018-01-24,2.19
34590,cash,14443,1,10302,2012-11-19,2014-09-29,0.35
34590,credit,7595,0,11228,2014-03-18,2015-11-06,0.54
34590,home,1456,0,10872,2010-07-03,2012-02-16,9.01
34590,credit,9897,1,11589,2014-07-06,2016-11-03,1.52
34590,other,6446,1,11057,2020-11-18,2023-06-25,1.83
34590,cash,8516,1,10156,2010-10-13,2013-04-27,2.23
34590,other,9721,1,10384,2013-01-14,2014-11-19,0.25
34590,home,4124,1,11559,2020-09-25,2023-04-10,6.14
34590,home,5946,0,11661,2015-08-18,2017-02-09,1.68
34590,cash,3140,0,10567,2015-04-08,2017-08-29,4.53
34590,home,7099,1,11233,2016-06-25,2018-10-21,2.91
34590,cash,3830,1,11636,2018-12-20,2021-08-04,1.09
34590,cash,8498,1,10543,2018-12-27,2021-01-19,2.9
30774,home,3019,0,11682,2019-03-13,2020-12-26,8.54
30774,other,10654,0,10797,2016-12-03,2018-06-18,2.11
30774,other,13985,0,11415,2013-07-07,2015-11-25,3.65
30774,credit,8062,1,10258,2015-12-13,2018-02-09,2.65
30774,credit,1288,1,10485,2015-01-01,2017-09-14,4.82
30774,home,5540,0,10112,2015-01-04,2017-08-05,3.29
30774,other,1698,0,11784,2020-08-12,2022-01-27,4.75
30774,cash,3692,0,10171,2014-04-11,2016-02-22,1.17
30774,cash,6493,0,10348,2012-03-01,2014-05-21,0.78
30774,credit,7639,1,11683,2012-01-10,2014-02-26,1.8
30774,home,14270,0,10261,2010-05-15,2012-05-27,1.32
30774,cash,8853,1,11533,2018-08-04,2020-03-30,3.0
30774,credit,10186,0,10939,2014-07-10,2016-03-28,0.08
30774,credit,6848,0,10232,2013-02-13,2015-09-29,3.33
30774,cash,5995,1,10949,2020-04-27,2022-10-23,0.42
30774,credit,9989,1,11242,2010-11-03,2012-09-04,2.68
30774,other,10204,0,10679,2013-02-22,2015-08-06,0.94
30774,credit,14654,1,10458,2016-06-19,2018-01-12,3.86
30774,cash,5090,0,11859,2018-07-12,2020-11-20,1.8
30774,credit,4361,0,11893,2020-03-21,2022-03-01,1.7
30774,other,10245,1,10030,2017-12-24,2019-08-11,5.05
30774,cash,4716,0,10761,2013-05-28,2015-04-27,1.39
30774,home,7495,0,10535,2018-04-19,2020-12-28,3.21
30774,credit,1731,1,11778,2020-08-27,2023-03-03,1.47
30774,cash,12946,1,10209,2020-02-17,2021-11-10,10.05
30774,credit,8223,0,11673,2011-06-21,2014-01-17,2.31
30774,other,6942,1,10715,2019-12-06,2021-08-20,0.22
30774,cash,8247,0,11097,2018-06-17,2020-09-28,0.09
30774,credit,6698,1,10676,2018-09-23,2020-05-06,1.08
30774,home,6782,0,11155,2015-10-21,2018-06-13,4.17
30774,home,6279,0,11991,2013-03-07,2015-10-18,0.47
30774,credit,6140,0,10928,2019-04-07,2020-10-06,3.02
30774,cash,7624,1,11007,2016-11-23,2018-12-17,0.9
30774,credit,3508,0,11717,2017-03-17,2018-12-18,2.19
28367,credit,5444,0,11936,2019-12-01,2022-07-16,3.51
28367,cash,10212,0,10803,2010-04-27,2011-12-17,0.54
28367,credit,13109,0,10345,2012-10-03,2014-07-11,0.22
28367,other,14062,1,11494,2014-11-06,2016-05-18,3.78
28367,other,11588,1,10533,2016-04-19,2017-10-20,5.55
28367,credit,14160,1,10132,2018-03-05,2019-10-15,4.46
28367,cash,696,1,11742,2013-09-26,2015-08-23,0.92
28367,other,4715,0,10530,2010-08-17,2013-04-07,1.69
28367,cash,13159,0,10311,2014-09-22,2016-02-11,5.78
28367,other,10064,0,10822,2018-09-13,2020-03-03,6.58
28367,other,7327,1,11719,2020-08-04,2022-06-07,3.33
28367,home,9123,1,11667,2020-10-06,2022-05-13,1.51
28367,home,14783,0,11045,2011-03-20,2013-01-08,2.15
28367,credit,3816,1,11965,2014-11-27,2017-08-10,1.29
28367,credit,7905,1,10880,2013-02-23,2015-07-22,1.56
28367,other,1187,0,10294,2018-10-14,2021-07-07,4.96
28367,cash,14411,0,10780,2015-07-25,2017-06-20,3.7
28367,credit,5787,0,11787,2019-02-09,2020-06-24,6.59
28367,cash,930,0,10435,2018-02-21,2020-09-07,6.45
28367,home,11910,1,11732,2014-02-12,2016-10-10,4.21
28367,cash,9181,1,11185,2010-11-21,2013-05-02,4.88
28367,home,2936,0,11329,2012-05-14,2014-04-20,4.51
28367,home,9600,0,11268,2016-06-22,2019-01-20,1.91
28367,other,4056,0,11611,2016-11-10,2018-04-22,3.69
28367,cash,8182,1,11418,2013-08-20,2015-01-24,2.17
28367,other,5208,0,11607,2017-02-07,2018-12-19,3.71
28367,credit,14512,1,10646,2019-06-28,2021-02-08,3.61
28367,credit,12406,0,11528,2012-04-20,2013-12-19,3.53
28367,cash,14394,0,10894,2010-10-10,2012-05-02,4.8
28367,other,6563,1,11770,2010-01-04,2012-07-08,1.5
28367,home,10472,1,11293,2010-08-12,2012-10-24,6.35
28367,other,7209,1,10413,2018-02-12,2019-09-22,7.89
28367,home,7537,1,10147,2011-01-20,2012-10-14,3.03
28367,credit,3287,0,11712,2019-02-14,2021-02-23,1.5
29105,other,626,0,10462,2020-09-04,2023-03-03,1.76
29105,cash,7404,1,11929,2016-10-10,2018-03-29,0.89
29105,cash,7130,0,11637,2015-03-01,2016-08-22,1.94
29105,credit,13992,1,11849,2014-03-18,2015-12-15,1.54
29105,credit,521,0,11554,2019-05-10,2021-02-27,2.0
29105,home,13705,1,10459,2018-12-07,2020-05-15,10.38
29105,cash,14288,0,11811,2019-07-08,2021-02-17,0.1
29105,other,11896,1,10824,2012-06-15,2015-01-24,4.61
29105,home,737,1,11650,2018-09-24,2020-12-30,2.81
29105,home,13999,1,10934,2020-01-27,2022-04-02,0.36
29105,other,13692,0,10527,2011-04-13,2013-05-25,2.87
29105,credit,9199,1,10020,2018-02-20,2019-07-07,7.08
29105,other,9566,1,10119,2012-08-03,2014-06-08,1.9
29105,credit,3659,1,10167,2020-11-28,2023-04-23,1.75
29105,home,13352,0,11837,2016-09-03,2018-02-09,2.33
29105,other,2847,0,10340,2016-08-15,2019-02-03,3.09
29105,home,13384,1,10897,2013-12-16,2016-04-06,4.27
29105,credit,5329,0,11344,2016-03-09,2018-11-16,3.48
29105,cash,4444,0,11364,2014-08-23,2016-01-12,5.01
29105,home,11230,1,10753,2016-10-03,2019-06-12,8.07
29105,home,10826,1,11047,2014-11-16,2016-09-15,5.93
29105,other,953,0,11192,2010-07-19,2013-03-10,3.7
29105,home,14667,0,10789,2013-06-08,2015-07-20,1.81
29105,cash,11202,1,11722,2017-05-10,2019-06-17,0.57
29105,other,5765,0,11575,2017-08-08,2019-03-01,6.19
29105,credit,3805,1,10688,2015-12-26,2018-06-08,2.15
29105,cash,13613,1,11520,2018-09-11,2021-02-21,2.53
29105,other,5928,1,11071,2013-07-03,2016-02-23,5.75
29105,home,3851,0,11705,2018-05-13,2020-01-27,6.58
29105,cash,1997,0,10558,2011-10-06,2014-04-19,2.01
29105,other,6672,0,11014,2014-05-25,2015-11-26,7.23
29105,credit,7699,1,11407,2010-10-07,2012-11-09,6.85
29105,other,14915,1,11325,2017-02-20,2019-08-30,1.84
29105,cash,9421,1,11211,2017-06-28,2018-12-28,1.68
29105,other,5313,1,11744,2012-11-18,2014-06-25,0.37
32898,cash,1060,1,11294,2012-05-17,2014-06-12,0.62
32898,cash,6452,0,11720,2013-06-20,2015-11-14,4.4
32898,credit,7921,0,10373,2013-06-24,2015-05-29,2.5
32898,credit,8704,0,10411,2013-06-08,2015-05-09,5.86
32898,cash,4114,1,10801,2010-03-25,2012-05-03,0.93
32898,cash,681,1,10782,2012-02-10,2013-08-30,2.0
32898,home,6421,0,10687,2018-07-05,2020-08-01,4.73
32898,other,11283,1,11310,2020-10-04,2022-02-16,1.57
32898,other,7215,1,11096,2018-03-28,2020-10-27,1.59
32898,credit,8720,1,10006,2014-11-04,2016-09-18,2.05
32898,cash,11024,1,10219,2010-07-16,2012-02-05,3.48
32898,home,10880,1,10106,2014-03-03,2016-10-30,2.3
32898,cash,13070,0,10161,2015-01-23,2016-11-29,1.21
32898,credit,4427,1,10864,2019-03-18,2020-12-23,1.43
32898,home,3820,0,11994,2014-03-26,2016-11-09,0.62
32898,home,7945,0,11392,2011-11-18,2013-10-19,1.2
32898,other,2911,0,11495,2019-12-26,2022-02-14,1.55
32898,other,8984,1,11618,2018-05-25,2019-12-09,0.19
32898,credit,3510,0,11044,2012-12-18,2015-08-13,3.21
32898,credit,7367,1,10419,2018-03-19,2020-10-07,2.83
32898,other,12499,0,11404,2011-04-22,2013-05-29,4.51
32898,credit,8781,1,10718,2018-01-13,2020-02-13,2.86
32898,cash,4174,1,10259,2014-05-14,2015-09-27,3.65
32898,cash,1853,1,11922,2014-09-07,2017-01-04,2.43
32898,credit,13804,1,10017,2018-04-16,2019-12-19,6.17
32898,credit,789,0,11896,2018-11-25,2021-04-17,2.81
32898,home,11565,1,11685,2016-12-14,2019-02-25,6.34
32898,cash,7549,0,10525,2020-06-20,2022-12-30,1.55
32898,home,5226,1,11878,2020-01-14,2022-03-04,3.56
32898,cash,12889,0,11768,2016-03-02,2018-05-21,3.16
32898,credit,10018,1,10931,2020-04-25,2022-08-30,3.4
32898,home,3983,1,11323,2019-08-15,2020-12-30,0.45
46154,cash,2250,1,11521,2014-05-20,2016-07-25,5.01
46154,cash,1391,1,11130,2017-05-20,2019-06-25,1.79
46154,cash,12570,1,11675,2016-03-03,2018-04-25,3.48
46154,home,9853,1,10529,2014-10-02,2017-05-31,3.91
46154,home,14497,0,10170,2014-09-06,2016-01-24,7.69
46154,cash,7754,1,11427,2019-11-25,2022-01-24,6.33
46154,home,3932,1,11445,2011-12-22,2014-06-14,1.95
46154,home,9481,0,10296,2010-05-01,2011-10-26,3.36
46154,other,8485,0,10653,2019-07-28,2022-04-15,5.58
46154,cash,12760,1,10684,2013-06-11,2015-10-30,4.61
46154,home,13006,1,10888,2012-05-01,2013-10-27,2.36
46154,credit,7914,1,11170,2018-10-23,2020-06-10,4.04
46154,credit,3824,0,10358,2012-10-26,2014-10-13,1.01
46154,cash,3078,0,11234,2020-03-06,2021-08-18,10.67
46154,credit,5426,0,11275,2016-10-22,2018-09-16,2.39
46154,cash,1365,1,10913,2015-03-27,2017-05-26,0.3
46154,home,5017,1,11193,2013-05-04,2015-02-24,2.2
46154,cash,13359,0,11257,2019-07-22,2022-03-06,7.02
46154,credit,3213,0,10280,2013-02-07,2014-08-09,2.9
46154,home,10419,0,10178,2017-05-17,2019-06-01,5.73
46154,cash,8746,0,10397,2010-01-09,2012-02-20,5.26
46154,home,8131,1,10416,2016-02-11,2018-04-21,5.68
46154,other,8545,1,11730,2016-06-26,2018-06-20,2.84
46154,credit,11573,1,11708,2015-04-01,2016-11-23,2.5
46154,other,644,0,11187,2016-05-12,2017-12-04,1.08
46154,credit,4930,0,11609,2015-11-07,2018-07-31,1.53
46154,cash,13954,0,10293,2010-06-01,2013-02-16,3.66
46154,cash,11451,1,11355,2020-12-08,2023-07-06,3.6
46154,other,7450,1,11729,2018-03-10,2019-12-29,0.04
46154,home,672,1,11459,2013-02-08,2015-02-03,2.33
46154,other,10493,0,11505,2019-01-18,2021-09-03,1.44
46154,credit,10305,1,11281,2012-05-13,2014-04-01,8.08
46154,other,4270,0,10395,2010-07-26,2011-12-09,4.18
27419,credit,10475,0,11823,2019-09-17,2022-02-14,2.27
27419,other,14894,1,10631,2018-04-20,2020-08-02,6.29
27419,home,12346,0,10723,2010-05-23,2012-07-10,6.77
27419,credit,828,0,10647,2013-04-02,2015-10-13,4.74
27419,cash,6945,0,11892,2013-04-22,2015-11-03,1.97
27419,credit,3748,0,10783,2019-05-16,2021-07-18,0.03
27419,home,13220,0,11395,2016-10-23,2019-07-03,3.71
27419,credit,4875,0,10498,2020-06-15,2022-10-17,9.22
27419,credit,9985,1,11786,2014-08-04,2016-03-09,3.66
27419,credit,3931,0,11966,2016-10-11,2018-12-23,4.67
27419,cash,10470,1,11016,2012-08-15,2014-04-27,2.94
27419,credit,5859,0,11306,2017-01-02,2018-06-20,3.53
27419,credit,4938,1,11177,2019-02-01,2020-08-26,2.0
27419,cash,4601,0,11664,2015-05-07,2017-12-14,6.38
27419,home,11284,1,10832,2019-04-09,2021-04-14,4.42
27419,credit,9463,1,10729,2010-04-15,2011-10-12,2.78
27419,home,11033,1,10566,2013-09-13,2016-03-08,6.32
27419,cash,8808,1,10521,2014-10-11,2016-05-19,2.06
27419,other,13987,1,11947,2018-02-04,2019-11-20,0.57
27419,other,4214,1,11973,2010-09-12,2012-05-06,0.16
27419,home,2287,0,11248,2016-08-17,2018-09-29,0.86
27419,cash,7419,0,11698,2012-10-11,2015-04-24,1.52
27419,home,7161,0,10703,2018-05-16,2019-12-24,0.46
27419,cash,2082,1,11602,2020-06-27,2022-07-26,0.17
27419,cash,5165,0,10107,2013-01-25,2015-04-18,4.95
27419,other,1348,1,11853,2010-09-25,2012-08-03,3.93
27419,home,4295,0,11006,2014-06-26,2017-01-07,1.18
27419,other,10088,0,11492,2017-07-20,2020-04-03,2.01
27419,other,13254,1,10365,2020-06-23,2022-11-23,0.96
27419,home,2092,0,10269,2013-01-09,2015-04-16,2.74
27419,home,3832,1,11110,2017-08-05,2019-01-06,4.68
27419,other,5481,0,11642,2011-02-09,2013-07-28,4.64
25874,other,8635,0,10048,2017-04-14,2019-10-22,8.23
25874,home,3654,1,10404,2012-02-03,2013-11-29,2.09
25874,home,7131,0,10710,2010-02-26,2012-09-04,9.55
25874,credit,4969,1,10472,2014-04-20,2016-12-07,2.24
25874,home,13649,1,10921,2018-03-21,2020-09-06,2.16
25874,credit,13626,1,10578,2020-10-19,2022-03-25,1.23
25874,credit,13464,1,11962,2015-10-23,2018-01-27,3.04
25874,home,12296,0,11907,2010-01-16,2012-04-27,4.71
25874,other,4290,1,11098,2010-12-24,2012-12-17,6.39
25874,other,7285,0,11354,2017-07-19,2019-09-29,0.01
25874,credit,8081,1,10135,2014-09-21,2016-02-28,0.5
25874,home,6256,0,10770,2015-03-02,2017-06-23,2.14
25874,cash,13200,0,10835,2010-06-21,2012-04-04,1.48
25874,credit,12228,0,11204,2014-08-28,2016-05-12,2.4
25874,cash,13433,1,10317,2017-07-09,2019-02-15,6.31
25874,cash,10723,0,10222,2014-11-18,2016-12-07,11.4
25874,cash,1834,0,11580,2019-01-20,2021-07-09,2.05
25874,home,6660,1,10763,2016-08-07,2018-05-24,0.58
25874,other,1597,1,10432,2012-05-24,2014-10-25,0.94
25874,cash,1727,1,10080,2015-02-13,2017-03-02,7.15
25874,other,8022,0,10861,2010-06-05,2011-11-14,0.14
25874,other,8062,1,11349,2019-01-11,2021-02-20,0.81
25874,home,5200,0,11023,2010-10-28,2012-08-22,0.96
25874,cash,7809,0,11870,2019-12-12,2022-09-03,5.9
25874,credit,9124,0,10878,2018-12-21,2021-04-07,4.09
25874,cash,14006,1,10019,2011-03-04,2013-03-29,5.76
25874,home,901,0,10716,2019-09-12,2021-08-17,3.84
25874,credit,2953,1,10624,2015-10-27,2017-03-20,1.62
47816,home,13191,1,11851,2015-07-24,2017-06-18,3.96
47816,home,4448,1,11317,2015-01-25,2017-04-25,0.76
47816,home,9675,0,10673,2014-11-23,2016-10-27,4.28
47816,credit,10449,0,10859,2012-02-14,2013-08-31,3.47
47816,other,8759,0,10733,2017-02-12,2019-09-17,3.5
47816,other,1547,1,11928,2012-09-21,2014-05-06,1.0
47816,home,2021,0,11347,2013-02-10,2015-03-05,3.82
47816,credit,12490,0,11013,2012-12-05,2014-08-05,2.21
47816,cash,8293,1,11739,2013-12-22,2016-01-24,1.42
47816,other,7766,0,11198,2015-06-09,2017-12-06,1.89
47816,other,5168,1,11875,2011-11-11,2013-11-01,0.58
47816,other,10134,0,11938,2011-04-16,2012-10-17,2.12
47816,home,12811,0,11351,2016-03-05,2017-09-06,3.3
47816,home,8595,0,10224,2010-07-14,2012-10-18,4.94
47816,other,9606,0,10560,2017-10-08,2019-06-21,0.25
47816,other,8300,1,11790,2015-08-26,2018-05-03,3.52
47816,home,1063,1,10791,2016-05-13,2018-03-11,3.21
47816,other,2303,1,11082,2015-09-06,2017-08-17,2.55
47816,credit,3813,0,11808,2010-06-02,2013-02-11,8.74
47816,other,10220,0,10680,2012-10-26,2015-03-23,1.44
47816,other,8239,0,10904,2010-02-02,2012-02-19,3.94
47816,home,9141,1,11985,2019-11-04,2021-12-15,1.77
47816,credit,2601,1,10376,2019-07-19,2021-11-23,6.01
47816,other,12444,1,11548,2013-05-08,2014-12-07,12.85
47816,cash,14271,0,10925,2018-01-20,2019-07-05,11.21
47816,other,5358,0,11360,2011-05-11,2013-01-17,4.77
47816,cash,1186,1,10438,2013-05-04,2015-08-20,3.34
47816,home,8082,0,11216,2010-07-18,2011-12-21,0.85
47816,credit,5088,0,11716,2013-11-02,2015-09-23,2.8
47816,other,11850,0,10584,2019-09-03,2021-10-13,1.37
47816,cash,5362,1,11405,2010-03-18,2012-09-18,0.92
27653,credit,6835,1,10961,2018-08-27,2020-11-27,2.06
27653,credit,5417,1,10972,2010-09-21,2012-08-14,2.98
27653,credit,6442,1,10066,2013-03-14,2014-11-13,10.64
27653,credit,13575,1,10191,2018-08-03,2021-03-03,4.0
27653,other,1002,1,10671,2011-12-06,2013-10-14,6.22
27653,home,10320,1,11981,2017-09-01,2019-08-31,5.2
27653,other,1398,0,11246,2012-03-18,2014-03-08,0.52
27653,credit,8438,0,11660,2018-05-12,2020-12-15,5.97
27653,other,14125,1,11461,2013-05-01,2015-04-03,0.19
27653,other,2574,0,11782,2017-10-16,2019-12-29,0.47
27653,cash,10265,0,10075,2016-10-03,2018-11-27,2.05
27653,credit,10935,0,10477,2020-02-05,2021-12-08,4.14
27653,home,11164,1,10237,2012-06-21,2014-12-01,0.03
27653,other,1649,1,11286,2017-03-09,2019-10-23,1.8
27653,other,9595,1,10983,2013-08-27,2015-07-05,3.14
27653,credit,698,1,11963,2019-12-05,2022-04-22,0.89
27653,cash,11041,0,10338,2013-04-13,2014-11-03,1.6
27653,other,12086,1,11253,2020-08-01,2022-11-27,2.5
27653,cash,8810,1,10764,2016-05-13,2017-11-09,7.16
27653,other,5256,1,10620,2018-09-15,2021-03-05,1.28
27653,cash,8852,0,11394,2010-04-10,2012-08-23,6.1
27653,home,625,0,11815,2020-01-02,2022-06-04,6.13
27653,credit,5301,0,11969,2011-11-16,2014-07-31,1.27
27653,other,11118,1,10058,2012-11-05,2014-10-16,0.19
27653,other,11308,1,10315,2017-06-27,2019-09-23,2.3
27653,cash,4399,0,10169,2020-06-14,2021-12-19,2.46
27653,other,1066,0,11701,2015-02-23,2016-08-08,3.87
27653,cash,6466,0,11322,2017-09-07,2019-04-13,3.59
27653,cash,1042,1,10255,2011-06-06,2013-07-17,8.64
27653,cash,2988,0,11765,2017-03-11,2019-09-29,0.98
27653,cash,4924,0,11974,2010-05-26,2011-12-12,5.29
27653,cash,13190,1,10084,2010-02-21,2012-01-02,5.63
27871,home,7759,0,10265,2012-09-03,2014-02-03,5.32
27871,credit,1559,0,10050,2012-03-15,2013-09-30,0.33
27871,credit,2853,1,10504,2016-03-09,2018-06-08,5.01
27871,credit,607,1,10998,2018-11-05,2020-06-03,1.34
27871,cash,3697,1,10455,2017-06-07,2019-05-11,1.49
27871,credit,3835,1,10052,2010-01-20,2012-01-29,4.67
27871,other,11895,1,11091,2020-10-03,2022-12-03,7.47
27871,other,2988,0,10490,2010-04-10,2011-12-14,3.58
27871,credit,3071,1,10682,2010-07-12,2012-01-20,5.92
27871,home,11809,1,11381,2018-03-06,2020-07-18,0.21
27871,credit,8235,0,10573,2020-07-04,2022-11-13,2.67
27871,other,10498,0,11951,2014-10-13,2016-10-31,2.21
27871,credit,12109,1,10766,2011-10-05,2014-01-12,0.09
27871,other,11303,1,11658,2012-05-22,2014-06-23,2.83
27871,credit,5577,0,10628,2018-11-03,2021-03-04,2.29
27871,credit,7643,0,10099,2014-11-12,2016-07-04,6.85
27871,cash,1320,1,11099,2014-03-14,2016-08-26,4.64
27871,home,11558,1,10240,2015-12-12,2017-07-30,2.97
27871,home,4977,0,10846,2015-02-25,2016-10-27,3.98
27871,cash,13366,0,10273,2012-10-19,2015-04-05,3.44
27871,home,4143,0,10325,2019-07-12,2021-10-10,1.79
27871,other,6544,1,10043,2017-07-22,2019-11-08,11.63
27871,other,9220,1,10524,2018-11-02,2021-01-15,2.81
27871,cash,14535,0,10128,2018-07-07,2021-02-26,4.1
27871,credit,7623,1,10140,2016-02-21,2018-04-02,2.18
27871,home,3806,1,11631,2018-02-24,2019-07-16,5.4
27871,other,14654,0,10534,2015-08-22,2017-03-05,0.67
27871,cash,4105,1,10911,2013-06-04,2014-12-09,2.23
27871,credit,12131,1,10060,2016-11-19,2018-12-19,3.3
27871,credit,9701,0,11950,2012-01-25,2014-05-27,4.4
36555,cash,3512,0,10547,2018-06-09,2020-09-25,2.8
36555,home,1789,1,10509,2015-05-12,2017-03-13,0.56
36555,other,12483,1,10039,2013-09-26,2015-08-10,2.12
36555,other,4229,0,11958,2016-07-25,2018-02-08,1.41
36555,home,4013,0,10491,2020-06-19,2022-07-01,2.4
36555,credit,7066,0,11287,2011-01-19,2013-05-16,3.94
36555,home,3340,1,10940,2016-01-27,2018-10-16,4.82
36555,credit,7094,0,10284,2020-09-14,2022-08-16,7.37
36555,credit,2733,1,11103,2013-04-08,2015-08-17,7.04
36555,credit,8314,1,10042,2011-04-17,2013-03-21,3.61
36555,other,13589,0,10843,2018-09-18,2020-04-29,2.25
36555,home,4938,0,11543,2019-05-14,2020-12-20,4.34
36555,other,4221,0,10385,2013-03-13,2015-07-23,2.48
36555,cash,14801,1,10748,2019-04-01,2021-09-23,5.57
36555,other,7645,0,10347,2017-11-18,2019-07-22,7.26
36555,other,3002,0,10574,2010-09-20,2013-02-27,0.28
36555,credit,8271,1,10180,2015-04-25,2017-10-26,1.98
36555,cash,3337,1,10989,2012-12-23,2015-02-06,6.41
36555,cash,6942,0,11525,2012-12-10,2015-05-07,6.33
36555,other,3071,1,11196,2015-06-15,2018-02-23,2.27
36555,home,12593,1,11473,2011-07-21,2013-05-10,1.79
36555,credit,11337,0,11558,2015-04-16,2016-09-29,3.5
36555,other,6264,0,11307,2011-08-20,2014-03-23,3.28
36555,cash,12476,1,11316,2020-06-10,2023-02-25,2.73
36555,home,672,1,11931,2012-08-01,2014-12-11,0.3
36555,credit,4944,0,11924,2018-01-25,2020-04-15,1.31
36555,cash,5908,0,10078,2014-03-21,2016-02-13,1.86
36555,credit,4899,0,10826,2014-11-03,2016-11-11,1.92
36555,cash,3457,0,11215,2020-01-17,2022-09-01,4.04
45949,home,4056,1,11734,2018-10-24,2020-09-02,0.86
45949,credit,1850,1,10610,2013-10-09,2016-06-14,1.87
45949,home,2146,0,11915,2018-09-28,2021-03-03,4.55
45949,other,9342,0,11441,2010-11-20,2013-07-14,7.46
45949,other,13642,1,11046,2014-07-19,2017-02-06,3.62
45949,cash,8819,1,11004,2015-09-02,2017-03-18,1.54
45949,home,6852,0,11472,2017-09-26,2019-02-17,1.67
45949,cash,8764,0,11908,2017-11-25,2020-04-27,1.23
45949,credit,13835,1,11760,2019-08-27,2021-09-27,4.04
45949,credit,9113,1,10033,2010-02-25,2011-08-16,3.35
45949,home,2597,0,11073,2020-10-12,2022-12-30,2.24
45949,cash,12138,1,11031,2010-04-01,2011-08-14,3.1
45949,credit,9489,1,10806,2011-10-03,2013-09-24,2.59
45949,other,11560,1,11855,2015-07-26,2016-12-31,1.69
45949,home,3484,0,11727,2020-11-19,2022-07-02,5.29
45949,home,7378,1,11796,2016-02-15,2018-08-29,6.47
45949,home,5017,1,10254,2018-07-01,2020-10-05,2.52
45949,home,1178,0,11137,2011-07-25,2012-12-15,2.15
45949,cash,4982,1,10199,2013-02-02,2014-12-26,5.53
45949,other,7852,1,11501,2018-09-01,2021-04-05,1.02
45949,credit,14547,1,10176,2015-06-15,2017-10-09,0.01
45949,cash,2209,1,11881,2016-11-01,2018-10-25,1.55
45949,credit,815,1,10550,2011-09-20,2013-10-20,0.98
45949,home,13068,1,10068,2019-07-24,2022-02-08,2.27
45949,home,6985,0,10923,2019-06-23,2021-02-16,1.46
45949,other,13417,0,10333,2015-11-07,2017-10-01,1.42
45949,credit,3617,0,11451,2012-12-21,2015-08-27,1.12
45949,other,5761,0,11680,2011-12-26,2013-06-30,0.52
45949,other,5917,1,10346,2014-05-13,2015-12-08,5.07
45949,home,8076,1,11591,2012-06-13,2013-10-27,3.65
45949,cash,4341,1,10216,2015-02-12,2016-07-28,6.33
45949,cash,1543,1,10231,2020-10-01,2022-12-31,0.07
30716,cash,9504,1,10422,2013-01-20,2014-08-02,3.51
30716,credit,7406,1,11943,2010-08-26,2013-01-22,0.68
30716,home,3169,0,10349,2020-10-01,2022-10-01,4.89
30716,credit,7625,1,11923,2011-03-05,2013-06-25,7.1
30716,home,13394,1,10874,2014-07-01,2017-02-03,2.18
30716,credit,11604,0,10953,2020-01-13,2022-02-22,11.93
30716,other,13839,1,10320,2019-04-24,2021-09-08,0.08
30716,other,12749,0,11265,2012-11-05,2014-04-07,0.47
30716,home,3105,1,10440,2015-01-03,2017-05-18,2.17
30716,home,3944,0,10193,2017-06-16,2019-09-01,4.15
30716,cash,2652,0,10016,2010-11-09,2013-07-20,4.07
30716,home,7589,0,11832,2016-12-25,2019-01-19,1.42
30716,other,969,0,11695,2010-08-15,2012-08-12,6.06
30716,cash,6044,0,10278,2011-07-02,2013-08-01,3.79
30716,cash,4573,0,11219,2018-02-14,2019-12-14,5.2
30716,home,12493,1,10363,2019-03-05,2020-11-26,0.75
30716,cash,829,0,10429,2018-04-26,2020-01-16,4.0
30716,other,4557,0,10250,2012-11-21,2014-09-02,2.46
30716,credit,10187,0,11579,2017-12-22,2020-04-25,3.71
30716,credit,8280,1,11435,2012-07-27,2014-12-20,1.56
30716,cash,8859,1,11595,2015-02-08,2016-09-04,5.53
30716,other,6203,1,11160,2013-05-16,2015-11-21,5.33
30716,home,1390,0,10726,2010-04-22,2012-11-05,0.55
30716,cash,14336,1,10648,2010-10-27,2013-04-05,3.15
30716,home,12547,0,11910,2014-05-12,2015-12-23,10.29
30716,cash,3566,0,11089,2016-08-28,2018-11-14,0.55
30716,other,1987,0,10965,2014-04-06,2016-10-10,1.6
30716,cash,13439,0,11163,2014-05-05,2016-06-13,2.11
30716,home,7715,1,11657,2013-03-19,2014-12-07,0.57
28899,cash,10798,0,11425,2019-06-04,2021-08-08,3.94
28899,cash,10904,1,10482,2020-05-10,2021-11-20,2.7
28899,home,9271,0,11304,2019-09-12,2022-03-23,5.28
28899,credit,7767,1,11201,2016-01-04,2017-10-21,2.2
28899,home,10735,0,10217,2013-08-15,2015-02-19,0.69
28899,credit,1640,1,11601,2018-10-24,2021-03-09,1.31
28899,cash,4647,0,10059,2018-04-22,2020-06-27,1.0
28899,other,9888,0,10943,2014-11-21,2017-01-05,9.33
28899,credit,10495,1,11800,2012-05-01,2015-01-09,1.74
28899,home,8832,1,10849,2010-01-26,2012-02-19,4.25
28899,other,9196,0,10014,2019-08-23,2021-06-07,0.77
28899,other,4384,1,11512,2013-08-27,2015-09-01,1.15
28899,home,7753,1,10758,2011-02-14,2013-09-06,4.75
28899,other,977,1,10833,2020-05-04,2022-03-07,2.89
28899,other,10018,0,10507,2016-04-12,2018-10-22,4.68
28899,credit,8966,0,11259,2017-10-19,2019-09-24,1.77
28899,other,14459,1,10153,2010-10-09,2013-03-06,5.3
28899,credit,2507,0,11793,2015-06-04,2017-06-24,2.95
28899,credit,10550,1,11920,2017-01-06,2019-01-31,2.65
28899,home,8146,0,11338,2017-02-02,2018-08-30,9.68
28899,other,4400,0,10489,2010-08-23,2012-02-13,0.24
28899,cash,6080,0,10767,2011-03-03,2013-06-24,0.55
28899,home,7315,0,11669,2012-08-28,2015-02-14,5.42
28899,credit,5046,1,10505,2019-06-02,2021-03-06,2.74
28899,home,14336,0,10739,2010-10-03,2012-08-02,0.5
28899,other,6896,1,11816,2016-03-13,2018-01-15,5.26
28899,cash,6661,1,11379,2019-09-03,2021-11-02,7.84
28899,credit,12542,1,10686,2012-11-18,2015-03-01,3.27
34884,home,4304,1,11025,2017-11-28,2019-10-10,0.96
34884,cash,5235,1,10924,2012-12-18,2015-08-18,3.42
34884,other,14330,0,10212,2016-03-26,2017-10-25,1.7
34884,home,9363,1,11462,2012-06-26,2014-11-03,9.71
34884,other,3606,0,11136,2014-03-14,2015-09-23,0.95
34884,other,2200,0,10253,2010-10-17,2012-12-16,6.1
34884,home,6997,0,11080,2010-06-16,2011-11-19,6.45
34884,credit,4247,1,10223,2010-05-24,2012-04-03,2.27
34884,credit,4503,0,10605,2012-09-20,2014-03-24,5.74
34884,cash,4488,0,11509,2016-10-17,2018-07-31,4.56
34884,home,3393,0,11460,2011-10-04,2014-04-08,4.08
34884,cash,1072,1,11241,2011-06-14,2013-04-18,2.0
34884,home,12478,0,11266,2018-07-02,2020-04-08,2.02
34884,home,11291,0,10323,2014-05-27,2016-02-17,0.67
34884,cash,7428,0,11888,2019-03-18,2021-12-03,0.23
34884,other,9404,0,10557,2010-07-07,2013-02-09,4.42
34884,credit,8997,1,10466,2010-02-12,2012-10-02,1.16
34884,cash,676,0,11003,2016-02-07,2017-12-12,0.54
34884,credit,12163,1,11989,2020-06-16,2022-11-28,2.29
34884,home,2626,0,11212,2013-11-02,2016-07-19,2.0
34884,other,3741,0,10314,2018-10-11,2021-01-27,2.42
34884,home,11483,1,11606,2018-04-15,2020-11-03,1.77
34884,home,3843,0,11757,2014-04-09,2016-08-01,1.02
34884,credit,1862,0,10267,2013-12-16,2015-06-07,3.64
34884,credit,11793,0,11052,2011-11-06,2013-07-26,8.68
34884,home,10721,1,10152,2019-08-15,2021-01-18,7.28
34884,home,7105,0,11538,2019-08-15,2021-05-08,0.75
34884,other,14059,1,11600,2016-06-11,2017-12-12,5.35
26909,other,10840,0,10975,2010-11-12,2012-11-04,0.43
26909,other,12091,0,11758,2019-02-04,2021-02-19,4.17
26909,other,4797,1,10964,2011-07-17,2013-09-09,0.15
26909,cash,7608,1,10221,2018-10-01,2020-06-19,0.2
26909,home,574,0,11531,2018-08-03,2021-02-06,5.28
26909,credit,7474,1,10168,2015-03-03,2016-10-25,2.45
26909,home,3967,1,11077,2016-09-08,2018-06-24,6.22
26909,home,14262,1,11812,2013-05-26,2015-01-29,3.04
26909,home,1098,1,11111,2012-02-28,2014-01-29,1.57
26909,home,11850,0,11102,2015-09-09,2017-04-15,4.19
26909,credit,5843,0,11858,2015-05-14,2017-04-02,3.42
26909,other,10196,1,10867,2015-01-06,2016-10-13,1.19
26909,other,9689,1,10627,2019-05-03,2021-10-16,0.68
26909,cash,4595,1,11224,2012-02-08,2013-11-24,0.25
26909,cash,3837,1,11380,2018-03-28,2019-09-08,1.45
26909,credit,12263,0,10448,2012-11-24,2014-07-25,5.16
26909,other,3738,1,11005,2018-09-14,2021-05-23,2.02
26909,credit,13770,0,10727,2015-01-04,2017-09-20,8.84
26909,cash,12792,1,10512,2020-04-11,2021-11-08,2.6
26909,cash,1550,1,11078,2013-07-15,2015-10-27,3.09
26909,credit,5860,1,11582,2017-09-01,2020-03-14,4.54
26909,credit,737,0,11565,2011-04-14,2013-12-16,2.57
26909,other,14011,1,10375,2013-04-14,2014-10-31,2.35
30135,credit,10428,0,11402,2016-09-10,2018-05-20,0.5
30135,other,10224,1,10879,2011-01-19,2013-05-30,6.56
30135,cash,5656,0,11802,2016-11-06,2019-01-12,1.27
30135,other,4262,1,10021,2015-09-13,2018-01-29,3.85
30135,credit,10030,1,10081,2010-06-04,2011-12-23,1.41
30135,credit,9408,0,11121,2017-04-13,2019-09-19,1.88
30135,other,4110,0,11409,2012-12-22,2014-12-20,4.37
30135,other,10695,1,10626,2018-12-10,2020-07-01,9.95
30135,other,566,1,11912,2020-11-23,2023-08-18,6.22
30135,other,12781,1,10290,2018-05-27,2020-12-19,7.09
30135,credit,6355,1,11795,2016-09-19,2019-03-25,2.56
30135,credit,14708,1,10946,2010-04-12,2012-12-10,0.06
30135,home,12629,0,11779,2012-02-25,2013-10-13,0.99
30135,credit,8441,0,10316,2019-08-21,2021-04-08,2.54
30135,other,4244,1,10202,2015-08-11,2018-02-25,1.76
30135,cash,5134,0,11485,2012-02-23,2014-11-10,8.38
30135,cash,13389,0,11780,2020-05-28,2021-10-31,1.28
30135,other,7968,0,10741,2013-02-13,2014-10-30,1.82
30135,home,7783,1,10183,2011-11-02,2013-03-28,2.42
30135,credit,3512,1,10796,2013-07-27,2016-04-11,4.54
30135,credit,14089,1,11256,2010-04-23,2012-02-24,0.74
30135,cash,14472,0,10854,2017-07-13,2019-12-15,7.26
30135,cash,2709,1,10563,2015-09-09,2017-12-16,5.16
30135,credit,3149,0,11514,2020-01-27,2022-01-01,4.35
30135,other,3840,0,10951,2016-09-08,2019-01-28,7.43
30135,credit,10523,0,11571,2020-02-17,2022-05-06,0.31
30135,home,13954,0,11648,2018-03-26,2019-09-23,3.95
30135,home,790,1,11766,2012-09-25,2015-01-21,2.74
41510,home,2232,0,10233,2010-09-25,2012-06-14,4.15
41510,other,8220,0,11550,2013-05-14,2015-09-27,3.98
41510,credit,6501,0,10185,2014-12-03,2016-12-19,10.05
41510,other,5978,0,10041,2020-10-26,2022-11-29,1.23
41510,credit,1469,0,11771,2010-03-27,2011-08-21,2.55
41510,cash,5849,1,11508,2012-08-11,2014-09-27,1.93
41510,credit,5622,0,10053,2010-04-03,2011-11-18,6.66
41510,home,1164,0,11615,2013-05-27,2015-09-24,0.09
41510,other,2709,0,11949,2019-10-16,2021-09-11,0.5
41510,other,5729,1,10160,2019-02-24,2021-08-02,0.8
41510,credit,11593,0,11897,2012-11-08,2015-03-31,3.71
41510,other,13226,1,10295,2010-10-16,2013-03-09,0.59
41510,home,7983,0,11011,2020-03-02,2022-05-28,2.35
41510,other,4171,1,11594,2010-06-25,2012-11-11,0.16
41510,other,3370,0,10473,2011-09-08,2013-06-07,7.2
41510,other,9283,1,10245,2019-05-07,2021-06-04,5.48
41510,credit,10326,0,11867,2019-06-22,2021-08-29,3.47
41510,other,7515,1,11272,2018-11-06,2021-07-19,2.78
41510,home,5502,0,11012,2015-05-20,2016-10-07,8.7
41510,cash,9659,1,11158,2017-01-10,2018-05-29,1.27
27411,credit,1026,0,10887,2017-12-27,2020-06-10,2.11
27411,home,1274,1,10634,2017-06-27,2020-02-13,2.05
27411,other,7398,0,11694,2014-12-23,2016-08-14,3.13
27411,cash,1243,1,10711,2015-10-19,2017-08-31,2.54
27411,home,13069,0,10612,2015-05-06,2018-01-12,3.52
27411,cash,11696,1,10905,2014-07-11,2016-08-05,0.3
27411,other,3266,1,10642,2015-01-07,2016-07-23,2.01
27411,other,873,1,11749,2012-10-14,2014-08-20,9.2
27411,credit,5378,0,10146,2016-09-06,2019-05-15,1.41
27411,other,9451,0,10241,2016-08-09,2018-11-08,3.51
27411,cash,10717,1,11131,2016-04-13,2018-08-28,0.98
27411,other,6327,0,10192,2011-02-27,2013-07-08,2.19
27411,credit,14829,1,11776,2011-01-09,2012-06-06,3.22
27411,home,2216,0,10936,2011-03-23,2013-10-13,3.4
27411,credit,4000,1,10912,2014-11-02,2017-03-22,2.03
27411,home,3586,0,11464,2015-06-16,2017-02-10,1.17
27411,other,11725,0,11581,2013-12-11,2015-11-03,2.47
27411,credit,12595,1,10734,2015-08-21,2018-02-06,0.99
27411,cash,14789,1,11214,2020-06-04,2023-01-07,1.08
27411,cash,6329,0,10093,2020-10-03,2022-10-22,3.07
27411,credit,8221,1,11984,2015-09-03,2017-04-01,0.4
27411,other,7662,0,11764,2020-02-20,2022-03-15,4.89
27411,cash,2017,1,11340,2014-01-18,2016-06-02,2.05
27411,other,13382,0,11983,2016-07-09,2018-08-20,0.08
39539,other,11355,0,10643,2012-10-17,2014-04-20,3.53
39539,home,1667,0,10636,2019-10-28,2021-09-05,1.66
39539,home,9941,1,11772,2014-01-20,2016-08-10,2.76
39539,other,9384,0,11791,2010-12-24,2012-09-26,2.07
39539,home,12602,1,10656,2017-07-13,2020-02-07,4.13
39539,credit,6746,1,11566,2018-04-26,2020-11-20,7.29
39539,cash,5383,0,11358,2010-01-06,2011-09-15,4.66
39539,home,11800,0,10303,2018-10-20,2020-09-09,1.56
39539,other,3351,0,10792,2016-04-13,2018-09-10,5.2
39539,credit,9692,1,11274,2014-03-08,2015-11-28,6.66
39539,home,6503,0,11245,2017-01-08,2018-11-04,4.33
39539,credit,6524,1,11628,2017-07-17,2020-03-17,1.58
39539,credit,10562,0,10034,2016-11-01,2018-11-11,2.38
39539,other,11792,1,11178,2012-10-16,2015-03-30,8.25
39539,cash,7009,0,11299,2017-11-24,2020-06-13,0.89
39539,other,13025,0,10669,2013-07-10,2015-12-04,7.39
39539,other,7604,1,11564,2016-10-11,2018-09-10,3.97
39539,cash,4096,0,11731,2017-04-01,2019-09-26,2.75
39539,credit,7303,0,10184,2012-12-14,2015-02-22,3.31
39539,credit,3001,0,10759,2011-03-13,2013-10-03,1.89
39539,home,2687,0,11237,2017-05-26,2019-01-23,4.15
39539,other,1158,1,10486,2013-08-10,2015-01-25,2.22
39539,other,4902,1,11368,2011-04-12,2013-07-12,1.78
39539,home,9975,0,11932,2019-03-07,2020-07-25,2.63
39539,cash,12424,0,11092,2013-05-15,2014-10-15,0.74
39539,cash,12949,0,10444,2017-02-17,2019-06-13,2.1
39020,cash,7785,1,11704,2015-02-22,2017-08-09,1.56
39020,home,11597,0,10638,2016-11-22,2019-07-10,6.7
39020,cash,646,0,11541,2013-11-21,2015-10-18,5.73
39020,home,8657,1,10071,2010-03-11,2012-05-05,5.77
39020,home,12173,1,10538,2020-07-11,2022-10-21,7.33
39020,credit,9997,0,10706,2012-03-21,2013-12-29,0.7
39020,cash,11009,0,10691,2012-06-16,2014-09-26,4.19
39020,other,4185,1,11411,2016-06-26,2017-12-29,3.18
39020,cash,14600,0,10978,2018-04-11,2020-12-24,0.03
39020,other,6986,1,10619,2015-06-20,2016-12-26,10.55
39020,credit,4668,1,11288,2018-09-19,2020-04-14,4.6
39020,other,11854,0,10035,2020-11-18,2023-07-19,0.2
39020,other,3928,1,10204,2010-02-22,2012-03-18,4.99
39020,cash,13608,1,10379,2010-07-07,2013-03-29,4.8
39020,home,12734,1,11978,2017-06-10,2019-08-30,10.29
39020,cash,8366,0,11093,2014-01-26,2016-07-09,3.2
39020,cash,9257,1,10779,2019-07-22,2022-04-14,4.07
39020,credit,10928,0,11480,2014-12-09,2017-06-07,4.04
39020,cash,8830,0,10516,2017-08-05,2020-02-13,0.11
39020,credit,2331,1,10401,2015-12-03,2018-08-19,9.58
39020,home,9992,1,10009,2020-05-03,2022-02-21,2.38
25152,home,12546,0,10639,2020-01-15,2021-10-24,1.53
25152,home,11732,0,10113,2013-03-11,2015-05-19,2.33
25152,credit,10497,0,10344,2016-11-01,2018-05-18,3.32
25152,cash,571,0,10754,2017-04-28,2020-01-22,4.41
25152,home,9500,1,11686,2012-04-19,2014-10-24,6.75
25152,other,3461,0,10276,2015-06-17,2017-04-28,1.66
25152,cash,6375,0,11148,2013-09-27,2015-07-01,5.2
25152,other,8250,0,10189,2011-03-18,2013-06-21,2.19
25152,other,7715,1,10973,2011-03-10,2013-05-01,0.4
25152,credit,4061,0,10407,2017-01-05,2018-10-24,0.85
25152,credit,12380,1,10307,2014-08-11,2017-01-29,1.76
25152,other,1730,0,11159,2015-06-12,2018-01-17,1.59
25152,cash,10031,1,11277,2014-03-15,2016-10-17,7.36
25152,cash,11015,0,10665,2010-02-23,2012-07-15,0.44
25152,credit,6536,0,11900,2017-03-28,2018-10-18,0.04
25152,other,9557,1,10285,2011-08-26,2014-03-17,6.16
25152,cash,14341,0,11707,2012-01-05,2013-07-30,1.85
25152,other,6482,0,10008,2015-02-10,2017-02-23,2.67
25152,cash,9912,0,10430,2018-12-18,2020-12-30,4.8
25152,other,13223,1,10895,2018-09-02,2020-01-17,2.51
25152,cash,12305,0,10150,2019-10-06,2022-01-03,1.11
25152,other,10239,0,11035,2020-10-22,2022-11-05,6.55
25152,other,9693,1,10771,2013-06-18,2014-11-25,5.95
25152,other,720,0,10600,2012-09-16,2014-05-20,4.54
25152,credit,10607,0,11677,2016-09-05,2018-08-17,6.81
25152,other,3626,0,10732,2012-12-02,2014-09-14,0.88
25255,credit,11761,1,11561,2013-01-04,2015-02-07,9.41
25255,cash,3887,0,11041,2018-08-09,2021-05-01,1.48
25255,home,14856,1,10497,2018-05-05,2020-09-18,5.49
25255,cash,10364,1,11413,2015-06-19,2017-11-15,5.3
25255,cash,2080,1,10564,2012-03-07,2013-11-13,4.31
25255,cash,3681,1,10342,2016-03-01,2017-11-01,0.26
25255,other,2783,0,10503,2015-10-02,2017-11-19,2.26
25255,other,13454,1,10130,2010-07-18,2012-01-21,3.15
25255,cash,4589,1,11898,2017-10-05,2019-10-22,9.79
25255,home,11768,0,11723,2018-04-04,2019-11-22,3.7
25255,home,14066,0,10596,2015-02-15,2017-06-22,0.15
25255,home,14973,0,11674,2010-11-22,2013-04-03,4.75
25255,cash,10412,0,11320,2018-08-04,2021-01-09,5.57
25255,cash,1023,0,10065,2020-11-18,2023-05-27,0.15
31348,other,11522,1,11592,2019-01-28,2020-07-17,5.92
31348,home,7384,1,11767,2013-08-27,2016-03-11,9.23
31348,home,10894,0,11659,2013-11-14,2015-08-24,1.35
31348,credit,13583,0,11088,2017-02-20,2019-05-16,4.55
31348,home,14507,1,11807,2017-06-05,2020-02-23,0.37
31348,home,1015,0,11024,2014-06-02,2017-02-22,0.36
31348,home,6631,1,11145,2015-06-12,2017-07-24,1.96
31348,home,13892,1,11909,2017-07-01,2019-06-15,0.02
31348,home,932,0,10088,2018-12-01,2020-04-17,0.42
31348,other,9096,1,11408,2015-05-09,2017-06-21,4.31
31348,cash,11237,0,10389,2012-12-17,2014-07-24,8.58
31348,home,2455,0,11154,2018-10-16,2020-12-27,4.88
31348,cash,11981,1,10343,2013-05-03,2015-10-05,3.23
31348,cash,12564,0,11736,2011-10-16,2014-06-21,0.76
31348,home,14394,0,10451,2020-02-07,2022-02-12,4.85
31348,other,1270,1,11061,2012-12-28,2014-09-24,0.32
31348,cash,2618,1,10322,2015-05-01,2017-04-17,3.6
31348,other,14951,0,11967,2018-01-15,2020-07-26,2.19
31348,home,14275,1,10318,2017-05-01,2019-03-24,0.76
31348,credit,3152,0,11621,2020-07-09,2023-02-01,7.05
41223,other,12345,0,11814,2019-11-03,2021-04-09,3.95
41223,home,9134,0,10396,2014-02-04,2015-08-11,1.22
41223,other,5691,1,11153,2017-03-16,2018-12-21,2.24
41223,cash,637,0,10229,2011-01-09,2012-07-04,5.17
41223,cash,11618,0,10148,2014-08-12,2015-12-30,2.51
41223,home,4377,0,10115,2012-09-25,2014-09-24,1.36
41223,home,8979,1,10025,2014-11-02,2016-11-06,1.2
41223,home,1115,0,10234,2010-05-24,2013-02-11,1.21
41223,home,6695,0,10725,2013-07-10,2015-03-08,0.29
41223,credit,9461,0,11345,2011-12-16,2014-04-19,0.17
41223,other,674,1,11741,2010-12-06,2013-07-22,1.69
41223,home,11675,0,11122,2016-04-20,2018-02-05,3.41
41223,cash,5757,1,10487,2015-10-17,2017-03-21,3.29
41223,other,14922,1,10967,2015-03-26,2017-07-13,2.52
41223,home,5988,0,11042,2019-05-24,2021-05-18,3.6
41223,other,4051,1,10441,2017-02-20,2018-11-14,5.0
41621,cash,3647,1,10666,2013-08-05,2016-03-23,0.19
41621,home,13265,1,11721,2020-08-01,2022-05-25,0.56
41621,cash,2519,0,10788,2010-11-27,2012-09-19,0.68
41621,cash,1771,1,11240,2010-03-13,2011-10-30,1.13
41621,other,13568,0,10980,2011-06-07,2012-12-01,3.79
41621,cash,13216,0,10523,2011-05-04,2013-09-07,2.56
41621,cash,4568,0,11702,2010-06-24,2012-05-28,2.51
41621,other,7233,0,10948,2011-12-01,2014-01-20,1.85
41621,cash,11601,0,11066,2018-12-10,2020-12-09,10.31
41621,credit,3579,0,10743,2016-04-03,2018-10-21,1.73
41621,home,8034,1,11060,2012-04-22,2014-06-13,0.53
41621,credit,7490,0,10816,2020-07-13,2022-09-24,6.84
41621,cash,9320,1,11225,2016-01-12,2017-10-03,2.55
41621,credit,5813,1,11557,2016-03-17,2018-02-06,3.28
41621,other,7744,0,10070,2011-05-21,2013-01-24,3.05
41621,home,10057,0,10011,2015-04-20,2017-07-19,2.39
41621,other,2145,0,11039,2014-03-27,2016-08-23,4.77
41621,home,10218,1,11176,2013-04-04,2015-03-04,1.96
41621,cash,9048,0,10637,2012-04-27,2014-09-20,5.94
41621,cash,8345,0,11223,2018-06-01,2020-11-04,4.84
40189,home,894,0,10481,2014-04-08,2016-07-16,0.58
40189,cash,8401,1,10513,2019-06-11,2021-05-27,1.47
40189,home,13442,0,10461,2012-01-01,2014-07-18,8.3
40189,credit,5091,1,10350,2020-05-07,2021-12-31,0.81
40189,credit,2510,0,11312,2010-05-22,2012-05-13,2.67
40189,other,8409,0,10604,2016-09-14,2018-02-14,0.06
40189,credit,13777,1,10519,2013-09-07,2015-04-28,2.86
40189,cash,12676,0,10197,2018-12-17,2020-11-26,1.01
40189,home,10305,1,11884,2019-05-24,2021-06-25,2.41
40189,other,10543,0,10249,2018-10-27,2020-03-18,2.17
40189,home,8624,1,10827,2020-04-18,2022-10-06,3.06
40189,credit,2602,0,11179,2012-08-10,2014-12-20,2.32
40189,home,9705,1,11140,2020-08-14,2022-07-29,5.11
40189,credit,14671,1,11251,2011-11-02,2014-02-03,1.97
40189,cash,12776,1,11064,2014-04-25,2016-07-30,0.65
40189,other,3976,1,10938,2011-09-13,2013-07-16,3.03
40189,cash,6558,0,11777,2019-02-14,2021-05-28,3.01
40189,other,6078,1,11470,2020-02-09,2022-08-23,0.16
40189,other,4229,0,11552,2015-12-02,2018-05-06,5.25
40189,credit,7305,1,11511,2011-03-17,2012-09-09,0.46
40189,credit,6316,0,11524,2015-08-14,2018-05-09,1.82
40189,home,1421,1,11783,2011-02-08,2013-03-20,8.62
40189,cash,1845,0,10738,2019-10-07,2022-02-11,0.29
40189,other,8801,0,10630,2017-04-27,2019-09-05,1.01
27112,home,7537,0,10421,2019-08-09,2022-02-16,8.47
27112,home,10112,0,11391,2013-12-11,2015-09-11,2.38
27112,other,1473,0,11260,2017-06-22,2019-04-14,3.77
27112,credit,2894,0,10819,2014-11-21,2017-04-05,5.99
27112,cash,11998,0,10211,2012-11-09,2015-03-25,7.62
27112,home,6326,0,10842,2018-04-15,2020-09-01,0.54
27112,cash,12150,1,10551,2018-12-17,2020-07-08,3.12
27112,credit,1604,0,10134,2015-05-05,2017-05-24,1.32
27112,cash,6152,1,11414,2015-12-09,2018-07-13,3.66
27112,home,9811,1,11410,2012-08-10,2014-10-28,1.26
27112,other,7430,0,11442,2012-06-26,2014-04-03,5.59
27112,cash,1420,0,10138,2020-12-14,2023-09-02,3.88
27112,other,1905,1,11838,2014-03-01,2016-11-11,8.97
27112,cash,7082,0,10695,2019-01-07,2021-07-04,8.32
27112,other,2125,0,10962,2011-02-08,2012-09-11,4.61
27112,home,4282,1,10207,2018-05-07,2020-01-17,2.35
27112,other,3896,0,11100,2014-05-03,2015-12-30,1.22
27112,home,1047,0,11506,2011-06-19,2014-01-16,3.77
27112,other,12832,0,11829,2014-04-19,2016-12-11,0.87
27112,cash,1095,0,10079,2016-03-03,2017-12-29,0.72
27112,home,12864,1,10417,2010-04-10,2012-06-02,0.94
27112,other,2045,0,10196,2014-05-23,2016-10-07,2.71
27112,cash,9231,0,11458,2017-05-19,2020-01-03,1.66
27112,cash,13227,0,10518,2013-09-02,2015-02-27,8.31
27112,home,13386,0,10260,2019-08-24,2021-11-15,4.58
27112,cash,3157,1,11343,2017-04-27,2019-01-05,11.12
34974,other,13784,1,11906,2014-11-26,2017-01-31,2.3
34974,credit,6048,0,10402,2012-02-08,2014-04-03,0.95
34974,credit,13947,1,10195,2013-03-04,2015-10-13,2.31
34974,credit,6080,0,11536,2020-12-05,2023-02-10,5.13
34974,other,8347,1,11743,2016-05-10,2018-06-15,0.39
34974,cash,8160,0,11869,2020-11-05,2022-04-27,2.14
34974,credit,2785,0,10542,2017-03-01,2018-08-31,0.76
34974,home,3126,1,11645,2010-02-09,2012-05-07,5.41
34974,credit,14460,0,11902,2012-02-27,2013-07-11,1.87
34974,home,4556,1,11819,2020-02-09,2022-08-26,3.59
34974,home,3973,0,11630,2011-11-07,2013-12-01,0.9
34974,credit,8116,0,11429,2019-10-03,2021-12-31,0.37
34974,credit,2085,0,10870,2012-05-06,2014-08-21,1.09
34974,credit,8753,1,10755,2015-05-22,2017-07-17,4.92
34974,other,1120,0,10480,2011-05-07,2013-05-08,2.65
34974,cash,5267,1,11065,2016-12-25,2018-11-24,1.05
34974,other,10465,1,11569,2014-04-05,2015-11-28,1.49
34974,cash,14007,0,11255,2017-08-01,2019-07-14,2.55
34974,home,2970,0,11995,2011-06-25,2013-02-14,4.09
44583,credit,10268,1,10644,2017-06-10,2019-11-02,5.43
44583,other,2894,0,11070,2013-03-10,2014-12-04,2.21
44583,credit,2594,0,10282,2018-11-09,2021-08-01,5.27
44583,cash,3855,1,11905,2013-02-10,2015-04-22,0.25
44583,cash,11365,1,10040,2015-02-10,2017-10-11,7.07
44583,credit,13549,0,10917,2016-09-01,2018-01-17,4.59
44583,credit,1524,0,11572,2016-09-24,2019-03-29,2.9
44583,home,7418,0,10151,2020-05-18,2022-01-05,0.34
44583,credit,6822,1,11419,2012-10-19,2015-04-19,2.19
44583,credit,2483,1,10256,2020-12-05,2022-07-12,3.91
44583,other,9300,0,11746,2010-08-06,2012-07-01,2.0
44583,credit,834,1,10288,2018-11-11,2021-02-17,1.01
44583,other,7572,1,11845,2015-08-12,2017-09-26,1.99
44583,other,3555,1,10901,2019-08-04,2021-03-10,0.3
44583,credit,5335,1,10305,2015-11-17,2017-08-28,4.08
44583,credit,2278,1,11083,2018-12-10,2020-09-23,3.51
44583,cash,6404,0,10919,2012-09-20,2015-05-19,3.7
44583,other,3489,0,10186,2019-09-12,2021-09-05,1.35
44583,home,3625,1,11982,2019-12-11,2022-05-02,1.81
44583,cash,6290,1,10942,2020-06-23,2021-12-07,4.33
44583,home,6290,1,10994,2017-01-12,2019-03-01,3.0
44583,credit,6750,0,10083,2018-08-27,2020-07-01,3.52
44583,home,11079,1,11696,2010-05-01,2012-05-29,2.73
42415,cash,7768,1,11517,2010-07-02,2012-11-01,6.45
42415,home,6922,1,11773,2015-03-10,2017-07-24,2.53
42415,other,13672,1,10592,2015-09-05,2018-03-08,4.32
42415,credit,11266,1,11617,2017-08-16,2019-09-05,1.29
42415,cash,4751,1,10539,2014-09-02,2017-03-09,2.94
42415,cash,2067,0,10145,2018-12-10,2021-05-10,8.7
42415,credit,10709,0,11363,2010-10-05,2013-02-15,6.21
42415,credit,14717,0,10590,2016-03-13,2017-12-27,4.15
42415,cash,2448,1,10660,2015-09-03,2017-07-11,0.65
42415,credit,13455,1,11028,2019-01-22,2020-09-22,1.94
42415,cash,3664,1,11125,2020-07-10,2022-10-17,0.28
42415,credit,14123,1,10177,2011-11-16,2014-01-05,1.17
42415,home,5632,0,10028,2019-03-18,2020-10-20,1.27
42415,other,6388,0,10548,2016-06-21,2018-12-22,1.56
42415,credit,5419,0,10602,2010-07-02,2012-09-19,0.3
42415,other,6572,1,10018,2018-10-20,2020-07-21,1.07
42415,other,2986,0,10821,2017-03-28,2019-04-29,7.45
42415,credit,14480,0,10330,2012-09-03,2015-03-30,2.6
42415,credit,1268,1,11289,2019-12-26,2022-09-15,1.42
35783,home,5535,0,10553,2018-03-07,2020-07-02,1.01
35783,other,14023,0,10659,2014-11-15,2017-06-29,5.21
35783,home,8220,1,10589,2015-01-08,2017-02-22,2.51
35783,other,8447,0,10452,2014-02-23,2016-09-07,1.05
35783,home,3593,0,10744,2020-05-13,2022-04-06,4.67
35783,cash,7553,1,11599,2018-04-27,2020-08-09,5.04
35783,other,10014,0,10230,2011-09-07,2013-12-18,3.97
35783,cash,2155,0,10051,2010-04-01,2012-03-25,4.2
35783,cash,3388,1,11143,2017-11-06,2019-05-17,0.3
35783,cash,2542,1,11553,2020-08-12,2022-05-27,6.24
35783,credit,3999,1,10471,2013-08-20,2016-02-20,1.95
35783,credit,4677,1,11403,2014-02-24,2015-11-16,5.14
35783,other,3985,1,10869,2013-07-01,2015-06-04,3.84
35783,home,14607,1,11226,2019-01-26,2021-05-12,2.88
35783,other,11817,0,11396,2019-12-11,2022-07-11,7.33
35783,cash,10092,0,10027,2014-04-03,2016-03-18,3.44
35783,cash,773,0,10499,2016-01-07,2018-05-04,0.35
35783,other,11506,0,11309,2015-11-21,2017-04-19,0.71
35783,home,2397,1,10852,2010-02-24,2012-10-12,2.55
35783,cash,1498,0,10238,2020-08-18,2022-01-28,1.83
35783,other,1759,0,11238,2019-10-15,2022-06-23,3.13
35783,cash,2700,1,10971,2015-03-16,2016-12-28,1.71
35783,home,8306,0,11954,2010-09-02,2013-03-06,2.73
38907,credit,5626,0,11847,2019-05-25,2021-08-14,9.08
38907,other,10106,0,11996,2011-11-26,2013-08-21,0.33
38907,home,4045,0,11629,2014-07-12,2017-03-03,0.39
38907,cash,14666,1,10918,2014-06-26,2016-11-22,3.82
38907,home,1546,0,11054,2011-02-10,2013-10-28,3.52
38907,home,11459,0,11229,2020-04-12,2022-07-21,3.69
38907,credit,5229,1,10865,2012-10-05,2014-03-21,0.42
38907,cash,12110,0,11798,2019-02-01,2021-09-25,5.48
38907,credit,11790,0,10122,2019-05-21,2021-11-26,5.14
38907,other,5948,0,10545,2015-11-25,2017-10-29,6.73
38907,cash,11780,1,10398,2017-10-04,2020-03-04,1.81
38907,home,14876,0,11254,2010-10-28,2013-06-27,5.12
38907,credit,1649,0,11280,2010-10-28,2012-06-25,1.91
38907,cash,3831,0,10966,2013-02-04,2015-07-22,1.24
38907,other,11533,0,10091,2014-08-02,2016-12-20,0.38
38907,cash,4327,0,11774,2010-06-03,2012-10-20,2.09
38907,other,10359,1,11596,2014-09-12,2016-11-14,2.21
38907,credit,11502,1,11834,2019-09-25,2021-07-18,6.98
38907,credit,3526,1,10120,2010-03-27,2011-10-30,1.45
38907,credit,2361,1,11475,2016-02-07,2017-07-22,4.44
